payment_id,order_id,payment_method,payment_date,amount,payment_status
1,1,Credit Card,2025-10-27,1233.15,Completed
2,2,Bank Transfer,2025-01-11,2538.35,Refunded
3,3,Google Pay,2025-06-11,378.74,Failed
4,4,Credit Card,2025-02-15,1394.58,Completed
5,5,Google Pay,2025-11-06,1669.03,Failed
6,6,Bank Transfer,2025-09-12,1299.32,Completed
7,7,PayPal,2025-01-10,930.86,Completed
8,8,PayPal,2025-11-13,822.32,Completed
9,9,PayPal,2025-05-06,2036.06,Completed
10,10,PayPal,2025-01-30,151.22,Failed
11,11,Credit Card,2025-08-04,895.6,Failed
12,12,Apple Pay,2025-02-09,2098.66,Failed
13,13,Bank Transfer,2025-02-17,827.38,Failed
14,14,Credit Card,2025-12-09,819.75,Refunded
15,15,PayPal,2025-11-11,919.99,Completed
16,16,Apple Pay,2025-03-05,807.48,Pending
17,17,PayPal,2025-01-08,1890.49,Completed
18,18,Bank Transfer,2025-01-27,2102.92,Refunded
19,19,Bank Transfer,2025-08-03,1533.13,Failed
20,20,Google Pay,2025-06-09,1020.05,Completed
21,21,PayPal,2025-11-10,431.13,Refunded
22,22,Credit Card,2025-06-24,679.7,Completed
23,23,Apple Pay,2025-01-11,727.35,Completed
24,24,Google Pay,2025-06-27,674.36,Completed
25,25,Apple Pay,2024-12-30,1942.13,Completed
26,26,Debit Card,2025-08-03,189.06,Refunded
27,27,Google Pay,2025-12-06,1428.19,Completed
28,28,Debit Card,2025-01-21,2184.72,Completed
29,29,Credit Card,2025-07-21,40.71,Refunded
30,30,Bank Transfer,2025-09-15,1768.7,Failed
31,31,Apple Pay,2025-03-04,2870.5,Failed
32,32,Google Pay,2025-06-19,573.46,Refunded
33,33,Bank Transfer,2025-04-22,1432.32,Refunded
34,34,PayPal,2025-11-23,3554.29,Completed
35,35,Bank Transfer,2024-12-12,1427.05,Failed
36,36,Google Pay,2025-03-26,1258.44,Refunded
37,37,Bank Transfer,2025-11-12,803.67,Completed
38,38,Debit Card,2025-01-08,285.06,Failed
39,39,Credit Card,2025-07-16,508.27,Completed
40,40,PayPal,2025-08-02,3362.7,Completed
41,41,Google Pay,2025-05-19,1779.23,Completed
42,42,Credit Card,2025-07-09,2285.85,Completed
43,43,Google Pay,2025-08-03,2637.55,Completed
44,44,Google Pay,2025-07-29,2218.63,Completed
45,45,Bank Transfer,2025-03-23,1247.39,Refunded
46,46,Bank Transfer,2025-02-13,207.45,Pending
47,47,Apple Pay,2025-08-09,4016.49,Completed
48,48,PayPal,2025-07-09,1910.09,Failed
49,49,Google Pay,2025-01-02,1410.89,Completed
50,50,Bank Transfer,2025-04-04,1299.93,Completed
51,51,Credit Card,2025-12-07,2576.95,Completed
52,52,PayPal,2025-08-18,487.05,Completed
53,53,Bank Transfer,2025-08-29,1109.7,Completed
54,54,Apple Pay,2025-05-31,532.36,Completed
55,55,Apple Pay,2025-07-11,2634.61,Pending
56,56,Bank Transfer,2025-03-19,417.69,Refunded
57,57,Bank Transfer,2025-09-16,3075.73,Completed
58,58,PayPal,2024-12-26,1968.47,Completed
59,59,Google Pay,2025-01-18,859.57,Completed
60,60,PayPal,2025-07-22,33.76,Completed
61,61,Credit Card,2025-11-06,1818.4,Failed
62,62,Bank Transfer,2025-08-06,830.32,Completed
63,63,Debit Card,2025-10-09,2053.4,Pending
64,64,Debit Card,2025-09-13,329.4,Completed
65,65,Credit Card,2025-04-07,670.51,Completed
66,66,Apple Pay,2025-05-24,930.58,Pending
67,67,Bank Transfer,2025-11-17,454.0,Completed
68,68,Debit Card,2025-02-06,603.56,Failed
69,69,Credit Card,2025-11-29,975.69,Completed
70,70,Apple Pay,2025-02-24,1393.47,Completed
71,71,Debit Card,2025-01-07,350.01,Failed
72,71,Credit Card,2025-01-08,704.1,Pending
73,72,Google Pay,2025-07-26,968.26,Failed
74,73,Google Pay,2025-09-04,1301.48,Pending
75,74,Google Pay,2025-06-10,1865.33,Completed
76,75,Bank Transfer,2025-11-25,477.31,Completed
77,76,Debit Card,2025-08-03,637.4,Pending
78,77,Credit Card,2025-11-03,2763.29,Pending
79,78,Google Pay,2025-11-01,2627.65,Completed
80,79,Google Pay,2025-03-05,1202.85,Completed
81,80,Credit Card,2025-07-18,1795.34,Completed
82,81,Apple Pay,2025-03-11,119.79,Failed
83,82,Google Pay,2025-03-11,2207.53,Refunded
84,82,Google Pay,2025-03-13,1336.77,Refunded
85,83,Debit Card,2025-09-13,1194.51,Completed
86,84,Bank Transfer,2025-05-06,716.52,Completed
87,85,Debit Card,2025-04-02,2225.58,Completed
88,86,PayPal,2025-03-29,908.85,Completed
89,87,Credit Card,2025-10-29,320.72,Refunded
90,88,PayPal,2025-01-13,2574.18,Completed
91,89,Debit Card,2025-10-24,1193.26,Completed
92,90,Google Pay,2025-09-19,2553.65,Failed
93,91,Credit Card,2025-04-29,406.12,Failed
94,92,PayPal,2025-11-06,2575.64,Pending
95,93,PayPal,2025-06-06,2580.82,Completed
96,94,Debit Card,2025-05-15,1483.23,Refunded
97,95,Google Pay,2025-05-03,118.75,Failed
98,96,Debit Card,2025-06-20,727.3,Completed
99,97,Credit Card,2025-03-02,3424.38,Refunded
100,98,Apple Pay,2025-08-20,2146.84,Completed
101,99,Bank Transfer,2025-07-15,1360.94,Pending
102,100,Apple Pay,2025-01-10,2337.07,Completed
103,101,Apple Pay,2025-07-29,1929.09,Completed
104,102,Debit Card,2025-02-02,399.9,Completed
105,103,Apple Pay,2025-06-28,959.88,Completed
106,104,PayPal,2025-10-07,739.0,Refunded
107,105,Bank Transfer,2025-09-26,3049.65,Completed
108,106,PayPal,2025-11-05,4012.77,Failed
109,107,Credit Card,2025-05-02,484.37,Completed
110,107,Bank Transfer,2025-05-01,708.1,Pending
111,108,Google Pay,2025-01-16,764.12,Pending
112,109,Debit Card,2024-12-31,1034.9,Completed
113,110,Credit Card,2025-08-25,642.64,Completed
114,111,Bank Transfer,2025-12-07,2467.89,Failed
115,112,Credit Card,2025-11-03,2473.16,Failed
116,113,Apple Pay,2025-08-09,691.95,Pending
117,114,Google Pay,2025-10-01,903.76,Completed
118,115,Apple Pay,2024-12-27,240.04,Failed
119,116,Apple Pay,2025-07-09,563.1,Completed
120,117,Apple Pay,2025-04-09,1032.95,Pending
121,118,Bank Transfer,2025-01-07,711.9,Failed
122,119,Bank Transfer,2025-03-04,1263.68,Refunded
123,120,Google Pay,2024-12-13,561.72,Completed
124,121,Debit Card,2025-11-24,619.48,Completed
125,122,Debit Card,2025-11-01,1365.48,Completed
126,123,Apple Pay,2025-09-04,255.96,Pending
127,124,Bank Transfer,2025-10-14,497.48,Refunded
128,125,Apple Pay,2025-06-25,3666.09,Completed
129,126,Bank Transfer,2025-09-26,1275.76,Completed
130,127,Debit Card,2025-08-22,219.28,Refunded
131,128,Credit Card,2025-12-04,1857.13,Completed
132,129,Apple Pay,2025-09-27,1477.7,Pending
133,130,Bank Transfer,2025-12-10,512.16,Failed
134,131,Debit Card,2025-06-25,1361.87,Pending
135,132,Debit Card,2025-06-06,1092.18,Failed
136,133,Debit Card,2025-05-06,1560.36,Pending
137,134,PayPal,2025-02-06,2281.57,Completed
138,135,Google Pay,2025-06-05,1103.97,Completed
139,136,Apple Pay,2024-12-24,1907.29,Refunded
140,137,Apple Pay,2025-05-10,932.52,Completed
141,138,Apple Pay,2025-09-05,3422.47,Completed
142,139,Apple Pay,2025-01-10,1895.76,Failed
143,140,Credit Card,2025-02-27,1472.66,Completed
144,141,Apple Pay,2025-05-02,525.63,Pending
145,142,Apple Pay,2025-07-19,637.59,Completed
146,143,Bank Transfer,2025-09-08,294.22,Refunded
147,144,Apple Pay,2025-07-21,1479.91,Failed
148,145,Apple Pay,2024-12-29,1014.62,Completed
149,146,Debit Card,2025-05-21,1042.18,Completed
150,147,Apple Pay,2025-02-04,228.12,Completed
151,148,PayPal,2025-05-29,2601.04,Completed
152,149,Apple Pay,2025-01-31,1459.99,Completed
153,150,Bank Transfer,2025-04-14,2846.52,Completed
154,151,Credit Card,2024-12-19,1172.43,Completed
155,152,Debit Card,2025-06-28,3066.12,Failed
156,153,Debit Card,2025-10-07,184.19,Refunded
157,154,Debit Card,2025-04-26,150.75,Refunded
158,155,PayPal,2025-10-19,980.5,Failed
159,156,Bank Transfer,2025-08-29,1057.15,Completed
160,157,Credit Card,2025-03-23,39.36,Failed
161,157,Bank Transfer,2025-03-24,75.3,Pending
162,158,Debit Card,2025-08-26,1216.89,Failed
163,159,Bank Transfer,2025-03-14,482.58,Completed
164,160,PayPal,2025-04-06,884.16,Failed
165,161,PayPal,2025-01-03,4275.55,Refunded
166,162,Google Pay,2025-12-09,2787.38,Completed
167,163,Apple Pay,2025-12-06,2788.87,Pending
168,164,Apple Pay,2025-10-21,1502.26,Pending
169,164,Debit Card,2025-10-22,1208.26,Failed
170,165,Google Pay,2025-01-09,165.78,Pending
171,166,Bank Transfer,2025-03-04,978.6,Completed
172,167,Credit Card,2025-09-07,1022.97,Pending
173,168,Apple Pay,2024-12-23,1998.55,Completed
174,169,PayPal,2025-10-16,1499.26,Pending
175,170,PayPal,2025-07-29,2700.71,Completed
176,171,Bank Transfer,2025-06-11,1861.24,Failed
177,172,Debit Card,2025-01-31,679.95,Completed
178,173,Apple Pay,2025-04-05,1187.28,Refunded
179,174,Bank Transfer,2025-04-19,2203.08,Pending
180,175,Credit Card,2025-11-18,1743.58,Completed
181,176,Debit Card,2025-10-24,424.54,Refunded
182,177,Apple Pay,2025-04-01,1890.14,Pending
183,178,PayPal,2025-09-18,628.37,Completed
184,178,PayPal,2025-09-17,579.68,Completed
185,179,Debit Card,2025-11-11,1791.57,Completed
186,180,Bank Transfer,2025-04-29,2223.72,Completed
187,181,Apple Pay,2025-09-24,554.9,Refunded
188,182,Google Pay,2025-05-21,605.26,Completed
189,183,PayPal,2025-06-17,2035.43,Completed
190,184,Credit Card,2025-08-03,2010.51,Completed
191,185,Credit Card,2024-12-17,2563.76,Refunded
192,186,Bank Transfer,2025-01-07,1026.87,Completed
193,187,Google Pay,2025-09-28,760.35,Pending
194,188,PayPal,2025-09-14,1950.65,Completed
195,189,Apple Pay,2024-12-29,279.26,Completed
196,190,Credit Card,2025-05-08,1808.81,Completed
197,191,Google Pay,2025-10-10,1277.54,Completed
198,192,Apple Pay,2024-12-28,103.56,Failed
199,192,Apple Pay,2024-12-30,194.56,Pending
200,193,Google Pay,2025-06-06,1107.18,Completed
201,194,Credit Card,2025-09-20,2320.61,Completed
202,195,PayPal,2025-02-10,2497.51,Completed
203,196,Google Pay,2025-05-06,638.68,Completed
204,197,Apple Pay,2025-08-01,412.38,Completed
205,198,PayPal,2025-08-10,3007.85,Refunded
206,199,Credit Card,2025-10-14,2285.16,Completed
207,200,Bank Transfer,2025-05-02,724.72,Pending
208,201,Debit Card,2025-05-28,748.55,Completed
209,202,Credit Card,2025-08-08,214.8,Completed
210,203,Google Pay,2024-12-27,2060.19,Pending
211,204,Bank Transfer,2025-09-13,1682.76,Refunded
212,205,PayPal,2025-05-12,867.57,Pending
213,206,Credit Card,2025-05-11,1172.63,Refunded
214,207,PayPal,2025-02-16,2006.01,Completed
215,208,Bank Transfer,2025-06-15,265.34,Refunded
216,209,Google Pay,2025-07-10,3797.73,Completed
217,210,Bank Transfer,2025-02-25,2593.18,Completed
218,211,Google Pay,2025-08-25,196.04,Refunded
219,212,Credit Card,2025-11-19,904.92,Completed
220,213,PayPal,2025-07-11,3852.44,Completed
221,214,Bank Transfer,2025-08-02,2302.92,Completed
222,215,Apple Pay,2025-08-10,610.25,Pending
223,216,PayPal,2025-06-07,1137.63,Completed
224,217,Google Pay,2024-12-15,591.26,Refunded
225,217,Google Pay,2024-12-18,689.43,Pending
226,218,Google Pay,2025-02-02,3427.26,Failed
227,219,Bank Transfer,2024-12-20,1880.51,Completed
228,220,Google Pay,2025-10-09,2157.17,Completed
229,221,Bank Transfer,2025-07-01,3161.55,Completed
230,222,Bank Transfer,2025-11-15,459.31,Refunded
231,223,Google Pay,2024-12-16,273.35,Failed
232,224,Debit Card,2025-06-14,1419.36,Pending
233,225,Bank Transfer,2025-11-30,3298.86,Pending
234,226,PayPal,2025-05-10,1160.9,Pending
235,227,Apple Pay,2025-10-18,978.06,Pending
236,228,Apple Pay,2025-07-29,1728.64,Failed
237,229,Debit Card,2025-10-10,1005.52,Completed
238,230,Apple Pay,2025-08-04,146.5,Failed
239,231,Credit Card,2025-09-02,102.36,Refunded
240,232,Google Pay,2025-09-20,2470.15,Completed
241,233,Apple Pay,2025-06-21,1541.29,Completed
242,234,Google Pay,2025-08-28,2302.44,Pending
243,235,Debit Card,2025-07-03,466.78,Failed
244,236,Apple Pay,2025-04-26,718.35,Completed
245,237,Bank Transfer,2025-03-22,2566.52,Pending
246,238,Bank Transfer,2025-09-03,1167.26,Pending
247,238,Credit Card,2025-09-03,724.7,Failed
248,239,Credit Card,2025-02-26,312.11,Completed
249,239,Google Pay,2025-02-26,409.04,Completed
250,240,Apple Pay,2025-03-02,2342.49,Completed
251,241,PayPal,2025-01-14,403.3,Failed
252,242,Bank Transfer,2024-12-29,2233.42,Completed
253,243,Google Pay,2025-09-11,1454.87,Completed
254,244,Apple Pay,2025-04-03,2091.37,Failed
255,245,Bank Transfer,2024-12-30,1586.04,Completed
256,246,Apple Pay,2025-11-23,1240.0,Refunded
257,247,Credit Card,2025-05-26,1589.58,Completed
258,248,Credit Card,2025-07-21,2498.81,Completed
259,249,PayPal,2025-10-30,2250.57,Completed
260,250,Debit Card,2025-10-27,2474.33,Failed
261,251,Debit Card,2025-10-11,634.64,Completed
262,252,Apple Pay,2024-12-26,2495.41,Pending
263,253,Debit Card,2025-04-05,1472.58,Pending
264,254,Apple Pay,2025-01-10,496.83,Refunded
265,255,Apple Pay,2025-08-11,3024.1,Refunded
266,256,Credit Card,2025-07-20,1336.76,Completed
267,257,Apple Pay,2025-06-12,320.81,Pending
268,257,PayPal,2025-06-11,443.65,Pending
269,258,Credit Card,2025-10-19,289.1,Pending
270,259,Google Pay,2025-01-28,1360.59,Refunded
271,260,Bank Transfer,2025-11-15,2081.94,Completed
272,261,Bank Transfer,2025-05-20,2230.13,Failed
273,262,PayPal,2025-03-12,1094.05,Failed
274,263,Debit Card,2025-10-07,1043.04,Failed
275,264,Bank Transfer,2025-09-20,35.04,Refunded
276,265,Bank Transfer,2025-06-26,2922.54,Completed
277,266,Credit Card,2025-04-28,465.26,Refunded
278,267,PayPal,2025-11-02,1825.56,Refunded
279,268,Debit Card,2025-09-25,344.99,Failed
280,269,PayPal,2025-01-18,119.82,Completed
281,270,Apple Pay,2025-06-13,1104.9,Refunded
282,271,Credit Card,2025-09-18,1501.86,Completed
283,272,Debit Card,2025-06-22,1874.41,Failed
284,273,Apple Pay,2025-02-13,319.9,Completed
285,274,Apple Pay,2024-12-20,1686.15,Refunded
286,275,PayPal,2025-10-28,1152.31,Refunded
287,276,Credit Card,2025-03-24,1882.15,Pending
288,277,Google Pay,2025-04-27,980.55,Failed
289,278,Credit Card,2024-12-26,2307.69,Refunded
290,279,Apple Pay,2025-10-16,297.45,Completed
291,280,Credit Card,2025-09-27,2652.21,Pending
292,281,Debit Card,2025-05-15,346.46,Pending
293,282,Bank Transfer,2025-01-26,713.04,Failed
294,283,Debit Card,2025-09-20,673.31,Refunded
295,284,Apple Pay,2025-09-26,568.97,Completed
296,285,PayPal,2025-05-08,1499.12,Pending
297,286,Debit Card,2025-11-03,1271.56,Completed
298,287,Bank Transfer,2025-09-02,763.72,Completed
299,287,Apple Pay,2025-09-02,945.08,Completed
300,288,Apple Pay,2025-09-04,188.92,Refunded
301,288,Debit Card,2025-09-04,89.06,Completed
302,289,Debit Card,2025-05-18,630.7,Failed
303,290,Google Pay,2025-09-14,438.4,Failed
304,291,Debit Card,2025-06-28,2536.45,Completed
305,292,Google Pay,2025-10-11,752.35,Completed
306,293,Debit Card,2025-02-02,1122.55,Failed
307,294,Debit Card,2025-05-23,220.87,Refunded
308,295,Debit Card,2025-08-20,3596.07,Completed
309,296,Debit Card,2025-03-05,1122.4,Completed
310,297,Credit Card,2025-01-11,3650.28,Refunded
311,298,Credit Card,2025-12-07,929.78,Pending
312,299,PayPal,2025-10-27,1141.88,Pending
313,300,Google Pay,2025-04-05,410.23,Refunded
314,301,Bank Transfer,2025-05-28,2361.93,Pending
315,302,Credit Card,2025-07-09,1273.48,Pending
316,303,Apple Pay,2025-10-11,2061.95,Pending
317,304,Apple Pay,2025-01-13,802.5,Completed
318,305,Debit Card,2025-07-02,434.82,Completed
319,306,Bank Transfer,2025-11-30,182.46,Pending
320,307,Apple Pay,2025-07-29,1181.17,Completed
321,307,Bank Transfer,2025-07-26,1124.79,Refunded
322,308,Google Pay,2025-03-30,829.5,Pending
323,309,Debit Card,2025-07-16,423.57,Completed
324,310,Apple Pay,2025-06-12,3401.84,Refunded
325,311,Apple Pay,2025-06-02,757.28,Refunded
326,312,Debit Card,2025-02-25,1164.68,Completed
327,313,Credit Card,2025-08-24,2311.09,Pending
328,314,Bank Transfer,2025-10-26,2083.24,Completed
329,315,Google Pay,2025-09-09,1224.03,Refunded
330,316,PayPal,2025-04-08,1128.19,Refunded
331,317,PayPal,2025-09-16,551.72,Completed
332,318,Google Pay,2024-12-16,3656.84,Completed
333,319,Debit Card,2025-03-14,3235.33,Completed
334,320,PayPal,2025-04-20,1138.75,Completed
335,321,Apple Pay,2025-05-22,219.4,Failed
336,322,Bank Transfer,2025-06-15,1269.2,Completed
337,323,Bank Transfer,2025-11-02,2159.53,Completed
338,324,Debit Card,2025-06-28,2613.99,Failed
339,325,Credit Card,2025-06-12,2287.54,Refunded
340,326,Credit Card,2025-06-27,2144.45,Refunded
341,327,Apple Pay,2025-07-24,2034.12,Pending
342,328,PayPal,2025-11-18,2276.73,Refunded
343,329,Google Pay,2025-09-26,291.12,Completed
344,330,Google Pay,2025-10-27,927.1,Refunded
345,331,Apple Pay,2025-04-03,2335.58,Pending
346,332,Apple Pay,2024-12-22,1372.08,Completed
347,333,Credit Card,2025-01-03,1935.75,Pending
348,334,Bank Transfer,2025-09-04,1676.48,Failed
349,335,Credit Card,2025-11-06,793.08,Pending
350,336,Debit Card,2025-05-14,721.89,Completed
351,336,Debit Card,2025-05-14,1520.61,Completed
352,337,Credit Card,2025-11-11,1391.93,Refunded
353,338,Debit Card,2025-06-05,516.94,Failed
354,339,Google Pay,2025-06-04,728.04,Completed
355,340,Bank Transfer,2025-07-08,1253.48,Pending
356,341,Credit Card,2025-08-08,1322.61,Failed
357,342,Apple Pay,2024-12-14,2373.91,Completed
358,343,Credit Card,2025-04-17,2699.7,Completed
359,344,Google Pay,2025-04-05,1284.35,Refunded
360,345,Credit Card,2025-01-28,2055.91,Completed
361,346,Google Pay,2025-02-05,298.23,Failed
362,347,PayPal,2025-07-30,2060.17,Completed
363,348,Debit Card,2025-05-02,1168.93,Failed
364,349,Google Pay,2025-09-08,1916.96,Completed
365,350,Bank Transfer,2025-04-11,3249.11,Completed
366,351,PayPal,2025-03-01,3015.64,Completed
367,352,Bank Transfer,2025-01-27,1358.11,Completed
368,353,Apple Pay,2025-10-07,856.7,Refunded
369,353,Google Pay,2025-10-06,697.6,Refunded
370,354,Apple Pay,2024-12-31,2313.57,Pending
371,355,PayPal,2025-07-04,404.84,Failed
372,356,Google Pay,2025-06-24,1648.73,Completed
373,357,Credit Card,2025-11-11,2691.31,Completed
374,358,Credit Card,2025-08-16,2026.26,Failed
375,359,Apple Pay,2025-10-30,1189.75,Failed
376,360,Bank Transfer,2025-03-08,163.6,Pending
377,361,Google Pay,2025-01-12,536.0,Completed
378,362,Google Pay,2025-09-26,698.88,Completed
379,363,PayPal,2025-05-22,1099.15,Failed
380,364,Credit Card,2025-01-15,214.84,Refunded
381,365,Apple Pay,2025-07-01,1305.44,Completed
382,366,PayPal,2025-07-13,2924.35,Pending
383,367,Bank Transfer,2025-01-08,1808.19,Refunded
384,368,Credit Card,2025-05-03,3455.56,Completed
385,369,Apple Pay,2025-03-24,231.26,Completed
386,370,Bank Transfer,2025-03-24,1173.97,Completed
387,371,Bank Transfer,2025-05-24,510.64,Completed
388,372,Bank Transfer,2025-09-20,936.4,Completed
389,373,Credit Card,2025-10-24,433.8,Failed
390,374,PayPal,2025-05-08,1549.26,Refunded
391,375,Bank Transfer,2025-07-26,1958.45,Refunded
392,376,Google Pay,2025-05-23,1276.31,Completed
393,377,Debit Card,2025-09-27,2469.51,Completed
394,378,Apple Pay,2025-10-16,644.73,Completed
395,379,PayPal,2025-10-30,847.66,Failed
396,379,Google Pay,2025-10-30,1494.09,Refunded
397,380,Google Pay,2025-01-10,2063.7,Failed
398,381,Debit Card,2025-06-05,1820.32,Refunded
399,382,Debit Card,2025-07-29,2604.28,Completed
400,383,Bank Transfer,2025-01-03,2704.55,Pending
401,384,Bank Transfer,2025-09-08,385.48,Completed
402,385,PayPal,2025-09-01,915.31,Completed
403,386,Google Pay,2024-12-12,319.48,Pending
404,387,Apple Pay,2025-08-13,1382.2,Completed
405,388,Google Pay,2025-11-02,1451.55,Completed
406,389,Apple Pay,2025-01-23,1904.18,Failed
407,390,Bank Transfer,2025-08-27,720.71,Completed
408,391,Debit Card,2025-12-07,1264.41,Pending
409,392,Debit Card,2025-07-14,1927.48,Completed
410,393,Debit Card,2025-04-10,2150.27,Completed
411,394,Apple Pay,2025-03-13,2997.69,Pending
412,395,Debit Card,2025-02-26,25.1,Completed
413,396,Credit Card,2025-11-29,2490.75,Completed
414,397,Bank Transfer,2025-06-05,468.93,Completed
415,398,PayPal,2025-06-10,1626.55,Refunded
416,399,Bank Transfer,2025-02-27,953.16,Pending
417,400,Credit Card,2025-10-31,1651.2,Completed
418,401,Debit Card,2025-02-09,1632.64,Completed
419,402,Debit Card,2025-02-19,153.3,Completed
420,403,Apple Pay,2025-05-16,718.46,Completed
421,404,Apple Pay,2025-06-01,1084.71,Refunded
422,405,Debit Card,2025-04-12,2942.35,Completed
423,406,Google Pay,2025-04-25,311.75,Completed
424,407,Debit Card,2025-06-05,825.16,Failed
425,408,Google Pay,2025-09-26,580.29,Pending
426,408,Apple Pay,2025-09-26,1193.92,Refunded
427,409,PayPal,2025-11-11,1570.24,Refunded
428,410,Credit Card,2025-10-20,3156.63,Completed
429,411,Bank Transfer,2024-12-10,2411.63,Failed
430,412,PayPal,2025-08-01,2596.33,Completed
431,413,PayPal,2025-09-01,1641.63,Refunded
432,414,Bank Transfer,2025-03-02,1593.23,Refunded
433,415,Debit Card,2025-11-23,2629.94,Refunded
434,416,Apple Pay,2025-07-29,847.99,Completed
435,417,Debit Card,2025-04-18,3038.79,Completed
436,418,Google Pay,2025-08-30,248.24,Failed
437,419,Credit Card,2025-09-07,433.79,Completed
438,420,Credit Card,2025-03-15,1121.92,Completed
439,421,PayPal,2025-04-07,75.95,Pending
440,422,Apple Pay,2024-12-27,3292.07,Completed
441,423,Apple Pay,2025-01-25,1140.65,Failed
442,424,Credit Card,2025-05-05,1343.6,Completed
443,425,Debit Card,2025-12-08,1035.96,Completed
444,426,PayPal,2025-07-11,1065.91,Completed
445,427,Bank Transfer,2025-01-01,2876.65,Completed
446,428,PayPal,2025-11-12,2521.78,Completed
447,429,PayPal,2025-02-27,1411.45,Completed
448,430,Credit Card,2025-01-28,658.12,Refunded
449,431,PayPal,2025-09-25,1023.99,Completed
450,432,Google Pay,2025-05-18,2109.42,Completed
451,433,Debit Card,2025-07-11,457.36,Completed
452,434,Google Pay,2025-01-16,694.1,Failed
453,435,Apple Pay,2025-03-03,2785.13,Completed
454,436,Credit Card,2025-12-08,1299.41,Failed
455,437,PayPal,2024-12-19,1725.24,Completed
456,438,Debit Card,2025-04-06,440.31,Failed
457,438,Apple Pay,2025-04-03,978.37,Completed
458,439,Bank Transfer,2025-01-03,321.09,Completed
459,440,Apple Pay,2025-02-19,516.07,Completed
460,440,Debit Card,2025-02-18,729.78,Pending
461,441,Bank Transfer,2024-12-22,1314.82,Completed
462,442,PayPal,2025-10-27,2248.96,Refunded
463,443,Google Pay,2025-05-02,3195.19,Completed
464,444,Bank Transfer,2025-05-16,2803.55,Completed
465,445,Credit Card,2025-03-01,3353.16,Completed
466,446,Apple Pay,2025-11-28,1704.43,Completed
467,447,PayPal,2025-07-29,502.7,Failed
468,448,Credit Card,2025-01-06,1429.86,Completed
469,449,Bank Transfer,2025-02-12,1042.18,Failed
470,450,Apple Pay,2025-01-04,140.12,Completed
471,451,Apple Pay,2025-09-04,2229.35,Refunded
472,451,Google Pay,2025-09-03,1773.53,Completed
473,452,Google Pay,2025-10-31,1834.46,Completed
474,453,Credit Card,2025-08-31,1863.07,Failed
475,454,Debit Card,2024-12-12,3393.62,Completed
476,455,Debit Card,2025-05-21,2669.67,Failed
477,456,Credit Card,2025-02-27,787.14,Completed
478,457,Google Pay,2025-04-05,1216.65,Completed
479,458,Google Pay,2025-09-24,728.95,Failed
480,459,Google Pay,2025-01-31,2699.44,Completed
481,460,Bank Transfer,2025-09-29,1686.66,Failed
482,461,Credit Card,2025-08-21,2108.56,Completed
483,462,Google Pay,2025-11-03,835.6,Refunded
484,463,Google Pay,2025-01-06,324.55,Failed
485,464,Apple Pay,2025-05-23,1256.67,Refunded
486,465,Bank Transfer,2025-04-04,1000.35,Completed
487,465,Apple Pay,2025-04-01,1028.03,Refunded
488,466,Apple Pay,2025-06-12,185.48,Pending
489,467,PayPal,2025-09-17,881.88,Completed
490,468,PayPal,2024-12-24,187.83,Pending
491,469,PayPal,2025-06-30,154.52,Completed
492,470,Credit Card,2025-01-02,381.7,Pending
493,471,Credit Card,2024-12-15,1533.75,Completed
494,472,Google Pay,2025-12-07,1694.93,Completed
495,473,PayPal,2025-03-06,1195.58,Completed
496,473,Debit Card,2025-03-07,613.37,Failed
497,474,PayPal,2025-04-18,2761.81,Completed
498,475,Apple Pay,2025-11-03,1182.53,Completed
499,476,PayPal,2025-08-05,1498.25,Completed
500,477,Google Pay,2025-04-10,2418.79,Completed
501,478,Credit Card,2025-08-08,717.57,Completed
502,479,Bank Transfer,2024-12-20,2861.44,Pending
503,480,Apple Pay,2025-02-27,941.51,Failed
504,481,PayPal,2025-05-12,622.05,Completed
505,482,Apple Pay,2025-04-06,2051.17,Failed
506,483,Credit Card,2025-04-05,1089.2,Completed
507,484,PayPal,2025-05-31,3271.69,Completed
508,485,Google Pay,2025-03-10,452.64,Failed
509,486,Credit Card,2025-07-06,727.85,Refunded
510,487,Apple Pay,2025-11-22,940.9,Completed
511,488,Google Pay,2025-09-25,2228.21,Completed
512,489,PayPal,2025-05-23,47.22,Pending
513,490,PayPal,2025-01-26,843.19,Failed
514,490,Google Pay,2025-01-27,572.2,Refunded
515,491,Apple Pay,2025-10-20,2501.65,Completed
516,492,Credit Card,2025-08-15,1552.8,Failed
517,493,Bank Transfer,2025-02-16,1139.64,Failed
518,494,Bank Transfer,2025-03-13,2379.24,Refunded
519,495,Apple Pay,2025-09-06,172.17,Failed
520,496,Google Pay,2025-05-30,1727.09,Completed
521,497,Debit Card,2025-03-16,1319.1,Failed
522,498,Credit Card,2025-01-16,2347.23,Completed
523,499,Apple Pay,2025-08-20,538.5,Pending
524,500,Apple Pay,2025-02-25,3788.26,Refunded
525,501,Bank Transfer,2025-10-12,2532.8,Failed
526,502,PayPal,2025-05-25,2251.74,Failed
527,503,Debit Card,2025-08-27,1711.79,Failed
528,504,PayPal,2025-07-22,553.56,Failed
529,505,Debit Card,2025-04-20,1062.54,Failed
530,506,PayPal,2025-07-25,482.67,Refunded
531,507,Bank Transfer,2025-04-29,2346.12,Completed
532,508,Google Pay,2025-12-01,1105.79,Completed
533,509,Bank Transfer,2025-04-14,305.04,Pending
534,510,Debit Card,2025-11-16,1894.21,Completed
535,511,Bank Transfer,2025-05-17,531.96,Completed
536,512,Bank Transfer,2025-09-29,904.95,Refunded
537,513,Debit Card,2024-12-19,1780.62,Failed
538,514,Debit Card,2024-12-16,664.22,Failed
539,515,Debit Card,2025-10-10,2795.3,Completed
540,516,Google Pay,2025-12-06,1781.59,Refunded
541,517,Credit Card,2024-12-21,1102.84,Completed
542,518,Credit Card,2025-01-23,950.6,Completed
543,519,Debit Card,2025-05-23,852.56,Refunded
544,519,Apple Pay,2025-05-23,380.95,Refunded
545,520,PayPal,2025-03-18,95.4,Completed
546,521,Credit Card,2025-02-06,1236.8,Failed
547,522,Credit Card,2025-12-07,2205.27,Pending
548,523,Debit Card,2025-12-01,2153.23,Pending
549,524,Debit Card,2025-02-11,1196.26,Completed
550,525,Google Pay,2025-10-05,1800.55,Completed
551,526,Bank Transfer,2024-12-26,2352.31,Completed
552,527,Apple Pay,2025-03-05,586.78,Completed
553,528,PayPal,2025-11-21,2629.23,Refunded
554,529,PayPal,2025-08-01,258.44,Completed
555,530,PayPal,2025-04-04,1444.75,Completed
556,531,Bank Transfer,2025-11-16,1201.35,Pending
557,532,Credit Card,2025-03-23,821.76,Refunded
558,533,Debit Card,2025-10-20,656.65,Completed
559,534,Credit Card,2025-02-04,95.34,Pending
560,535,PayPal,2025-07-30,1635.86,Completed
561,536,Google Pay,2025-02-22,2875.37,Completed
562,537,Bank Transfer,2025-07-01,1166.67,Completed
563,538,Apple Pay,2025-11-14,996.16,Completed
564,539,Google Pay,2025-02-17,79.5,Refunded
565,540,PayPal,2024-12-20,685.62,Failed
566,541,Debit Card,2025-05-17,322.29,Completed
567,542,Google Pay,2025-02-21,386.76,Pending
568,543,Apple Pay,2025-05-09,145.87,Completed
569,544,Google Pay,2025-07-14,1144.71,Failed
570,545,Bank Transfer,2025-02-11,1002.65,Completed
571,546,Credit Card,2025-03-01,1075.33,Failed
572,547,Debit Card,2025-07-05,163.5,Completed
573,548,Google Pay,2025-03-08,884.85,Completed
574,549,Bank Transfer,2025-03-09,2132.7,Completed
575,550,Apple Pay,2025-07-30,240.03,Pending
576,551,Apple Pay,2025-08-03,315.05,Failed
577,552,Apple Pay,2025-04-07,377.06,Refunded
578,553,PayPal,2025-01-01,1153.13,Refunded
579,554,Credit Card,2025-01-02,979.62,Pending
580,555,Credit Card,2025-10-03,286.08,Completed
581,556,PayPal,2025-02-26,291.05,Completed
582,556,Debit Card,2025-02-26,304.36,Completed
583,557,Apple Pay,2024-12-22,625.44,Completed
584,557,Bank Transfer,2024-12-20,755.25,Refunded
585,558,Credit Card,2025-05-10,2224.48,Failed
586,559,Debit Card,2025-07-07,2557.73,Completed
587,560,PayPal,2025-08-04,2942.61,Refunded
588,561,Apple Pay,2025-08-12,1635.67,Completed
589,562,PayPal,2025-01-15,369.07,Completed
590,563,Bank Transfer,2025-01-02,1017.54,Completed
591,564,Apple Pay,2025-04-09,149.89,Completed
592,565,Credit Card,2025-05-15,637.38,Pending
593,566,Bank Transfer,2024-12-30,1865.4,Completed
594,567,Apple Pay,2025-01-09,1581.3,Completed
595,568,Credit Card,2025-06-07,1654.23,Failed
596,569,Bank Transfer,2025-02-28,295.68,Failed
597,569,Google Pay,2025-02-28,455.42,Completed
598,570,Debit Card,2025-09-19,2986.61,Pending
599,571,Credit Card,2025-02-24,572.65,Refunded
600,572,Google Pay,2025-01-30,3161.0,Completed
601,573,Bank Transfer,2025-05-09,143.62,Failed
602,573,PayPal,2025-05-09,68.64,Pending
603,574,Apple Pay,2025-02-04,1302.78,Failed
604,575,Debit Card,2025-09-14,2848.99,Refunded
605,576,Apple Pay,2025-04-23,1470.29,Failed
606,577,Apple Pay,2024-12-29,2637.55,Pending
607,578,Debit Card,2024-12-25,1592.81,Refunded
608,579,Apple Pay,2025-01-21,730.46,Completed
609,580,Debit Card,2025-06-12,1473.38,Completed
610,581,Google Pay,2025-05-21,205.42,Completed
611,582,Google Pay,2025-06-15,297.16,Pending
612,583,PayPal,2025-02-28,87.15,Completed
613,584,Debit Card,2025-01-26,1194.3,Refunded
614,585,Debit Card,2025-06-15,158.75,Pending
615,585,Debit Card,2025-06-16,164.19,Completed
616,586,Google Pay,2025-02-05,804.05,Completed
617,587,Google Pay,2025-08-26,1807.83,Pending
618,588,Bank Transfer,2025-09-18,771.79,Completed
619,589,PayPal,2025-02-25,1178.08,Pending
620,590,Debit Card,2025-03-14,1082.23,Completed
621,591,Google Pay,2024-12-23,1282.84,Completed
622,592,PayPal,2025-04-01,3095.14,Pending
623,593,Debit Card,2025-11-25,1060.28,Failed
624,594,Bank Transfer,2025-05-12,1088.97,Completed
625,595,Apple Pay,2025-09-27,97.04,Pending
626,596,PayPal,2025-09-17,1783.8,Completed
627,597,Apple Pay,2025-10-24,3249.88,Failed
628,598,Google Pay,2025-03-27,1580.8,Completed
629,598,Bank Transfer,2025-03-27,734.05,Completed
630,599,Bank Transfer,2025-01-13,1826.98,Completed
631,600,Credit Card,2025-04-06,1031.23,Failed
632,601,Credit Card,2025-11-11,2301.53,Refunded
633,602,Credit Card,2025-08-20,743.45,Completed
634,603,Bank Transfer,2025-08-23,271.01,Failed
635,604,Bank Transfer,2025-02-16,243.84,Completed
636,604,Credit Card,2025-02-13,550.79,Failed
637,605,Debit Card,2025-10-24,2257.54,Completed
638,606,Apple Pay,2025-02-06,2133.91,Completed
639,607,Debit Card,2025-01-21,206.99,Completed
640,607,Bank Transfer,2025-01-20,221.02,Refunded
641,608,Credit Card,2025-07-01,928.31,Pending
642,608,Apple Pay,2025-07-04,729.51,Failed
643,609,Bank Transfer,2025-03-09,561.5,Refunded
644,610,Apple Pay,2025-02-16,1955.11,Refunded
645,611,Google Pay,2024-12-15,2256.83,Failed
646,612,Debit Card,2025-03-12,1043.24,Refunded
647,613,Apple Pay,2025-09-16,1234.1,Completed
648,614,Bank Transfer,2025-07-07,1163.75,Failed
649,615,Credit Card,2025-05-27,4570.81,Completed
650,616,Debit Card,2025-04-01,543.0,Refunded
651,617,Credit Card,2024-12-23,1225.18,Completed
652,618,Google Pay,2025-08-03,346.26,Refunded
653,619,PayPal,2025-08-15,3083.72,Refunded
654,620,Bank Transfer,2025-08-13,1808.77,Failed
655,621,PayPal,2025-03-21,2049.55,Completed
656,622,Credit Card,2025-05-15,1088.48,Failed
657,623,Google Pay,2025-09-15,1930.15,Completed
658,624,PayPal,2025-04-12,1158.42,Pending
659,625,Google Pay,2025-05-10,1409.51,Pending
660,626,Google Pay,2025-07-04,239.58,Completed
661,627,PayPal,2025-03-13,325.34,Refunded
662,628,PayPal,2025-10-25,2303.65,Pending
663,629,Bank Transfer,2025-08-19,204.42,Refunded
664,630,PayPal,2025-01-19,2697.31,Completed
665,631,PayPal,2025-09-28,1392.64,Completed
666,632,Credit Card,2025-06-15,1633.41,Completed
667,633,Apple Pay,2025-11-03,1831.3,Completed
668,634,PayPal,2025-05-29,133.2,Failed
669,635,PayPal,2024-12-12,2166.9,Completed
670,636,Apple Pay,2025-10-06,3540.82,Refunded
671,637,Debit Card,2025-10-01,1158.96,Refunded
672,638,Debit Card,2025-01-17,1542.88,Completed
673,639,Debit Card,2025-01-01,450.3,Completed
674,640,Apple Pay,2025-10-06,2706.24,Pending
675,641,PayPal,2025-07-18,1280.05,Completed
676,642,Apple Pay,2024-12-27,188.49,Pending
677,643,PayPal,2025-04-29,403.97,Pending
678,644,Google Pay,2025-09-30,1007.0,Completed
679,645,Apple Pay,2025-05-10,1153.45,Completed
680,646,Bank Transfer,2025-08-29,947.83,Pending
681,647,Apple Pay,2025-02-24,2371.02,Completed
682,648,Bank Transfer,2025-05-25,814.52,Failed
683,649,PayPal,2025-08-29,110.2,Completed
684,650,Apple Pay,2024-12-21,2900.11,Completed
685,651,Debit Card,2025-06-16,425.28,Refunded
686,652,Credit Card,2025-04-19,508.16,Refunded
687,653,PayPal,2025-02-13,1904.06,Pending
688,654,Debit Card,2025-08-21,648.92,Completed
689,655,Debit Card,2025-01-03,1265.04,Pending
690,656,Google Pay,2025-05-29,88.07,Failed
691,657,Google Pay,2025-06-04,293.29,Failed
692,658,PayPal,2025-07-19,1810.33,Completed
693,659,Bank Transfer,2025-05-25,1583.16,Completed
694,660,Credit Card,2025-07-24,1682.8,Completed
695,661,Credit Card,2025-04-20,181.85,Completed
696,661,Debit Card,2025-04-21,203.27,Pending
697,662,Apple Pay,2025-10-20,2398.35,Completed
698,663,PayPal,2025-07-10,526.73,Completed
699,663,Credit Card,2025-07-08,541.46,Completed
700,664,Apple Pay,2024-12-13,3388.78,Failed
701,665,Apple Pay,2024-12-21,587.7,Pending
702,666,Apple Pay,2025-03-04,1379.9,Completed
703,667,Bank Transfer,2025-11-04,365.75,Completed
704,668,Bank Transfer,2025-02-12,624.4,Refunded
705,669,Bank Transfer,2025-09-21,2087.69,Failed
706,670,Debit Card,2025-01-05,1987.79,Failed
707,671,Apple Pay,2025-08-26,2052.6,Pending
708,672,Debit Card,2025-06-16,248.93,Pending
709,673,Google Pay,2025-01-15,334.29,Pending
710,674,Apple Pay,2025-08-19,2359.43,Refunded
711,675,PayPal,2025-07-31,616.24,Failed
712,676,Google Pay,2025-10-21,1263.76,Completed
713,677,Apple Pay,2025-02-10,594.06,Completed
714,678,Apple Pay,2024-12-28,1359.49,Failed
715,679,Apple Pay,2025-09-18,48.32,Completed
716,680,Apple Pay,2025-07-24,564.36,Refunded
717,681,PayPal,2025-05-10,3066.14,Refunded
718,682,Credit Card,2025-09-01,1281.8,Completed
719,683,PayPal,2025-10-09,480.2,Failed
720,684,Google Pay,2025-11-24,1708.34,Failed
721,685,Debit Card,2025-06-29,287.37,Refunded
722,686,Bank Transfer,2025-02-24,671.69,Failed
723,687,PayPal,2025-08-18,1209.38,Completed
724,688,Apple Pay,2025-05-19,1473.7,Completed
725,689,Debit Card,2025-09-17,900.85,Failed
726,689,Google Pay,2025-09-17,923.31,Pending
727,690,Apple Pay,2025-11-02,1927.38,Pending
728,691,Google Pay,2025-05-30,2020.29,Completed
729,692,PayPal,2025-09-12,2922.81,Failed
730,693,Apple Pay,2025-03-24,1009.87,Failed
731,694,Google Pay,2025-06-09,156.9,Completed
732,695,PayPal,2025-05-02,1216.06,Refunded
733,696,Debit Card,2025-01-31,564.15,Completed
734,697,Bank Transfer,2025-01-09,311.9,Completed
735,698,Credit Card,2025-09-28,828.64,Completed
736,699,Credit Card,2025-09-22,1098.27,Completed
737,700,Debit Card,2025-02-11,1005.54,Refunded
738,701,PayPal,2025-08-11,2418.15,Completed
739,702,Debit Card,2025-07-27,554.76,Completed
740,703,Google Pay,2025-08-03,634.9,Failed
741,704,PayPal,2025-01-17,487.91,Completed
742,705,Google Pay,2025-07-04,2025.55,Completed
743,706,Credit Card,2025-10-20,206.51,Refunded
744,706,Debit Card,2025-10-19,129.68,Completed
745,707,PayPal,2025-05-05,1058.45,Refunded
746,708,Debit Card,2025-02-25,1394.76,Refunded
747,709,Apple Pay,2025-09-24,2122.6,Refunded
748,710,Credit Card,2025-05-16,204.31,Failed
749,711,Bank Transfer,2025-04-05,763.14,Pending
750,712,Credit Card,2025-10-03,1564.86,Refunded
751,712,Apple Pay,2025-10-05,2066.61,Completed
752,713,Apple Pay,2024-12-31,2930.41,Pending
753,714,Apple Pay,2025-02-11,1610.13,Completed
754,715,PayPal,2025-02-04,425.84,Failed
755,716,PayPal,2025-08-11,3031.91,Completed
756,717,Apple Pay,2025-03-17,1561.99,Completed
757,718,Debit Card,2025-06-28,969.68,Pending
758,719,Apple Pay,2025-03-21,759.06,Refunded
759,720,Bank Transfer,2025-11-14,134.76,Completed
760,721,PayPal,2025-04-15,836.73,Refunded
761,722,Credit Card,2025-05-21,2080.17,Refunded
762,723,Debit Card,2025-05-31,2936.69,Pending
763,724,Bank Transfer,2025-09-19,1358.66,Pending
764,725,Bank Transfer,2025-04-28,1216.36,Completed
765,726,Credit Card,2025-04-17,2018.45,Failed
766,727,Bank Transfer,2025-08-25,1199.84,Completed
767,728,PayPal,2025-07-01,1877.06,Pending
768,729,Apple Pay,2025-08-14,1480.9,Completed
769,730,Bank Transfer,2025-01-08,4036.91,Completed
770,731,PayPal,2025-08-08,770.94,Pending
771,732,Debit Card,2025-08-07,746.5,Completed
772,733,Credit Card,2025-03-12,1517.91,Pending
773,734,Debit Card,2025-04-16,2242.27,Pending
774,735,Apple Pay,2025-08-11,605.74,Completed
775,736,Debit Card,2025-03-12,2215.34,Failed
776,737,PayPal,2024-12-27,1945.61,Completed
777,738,Debit Card,2025-10-25,90.4,Refunded
778,739,Google Pay,2025-04-22,1375.91,Refunded
779,740,Bank Transfer,2025-05-13,2539.7,Completed
780,741,Google Pay,2025-05-02,2428.16,Refunded
781,742,Bank Transfer,2025-09-29,475.24,Completed
782,743,Credit Card,2025-06-14,1885.24,Pending
783,744,Credit Card,2025-06-18,450.96,Completed
784,745,Debit Card,2025-04-25,2967.08,Failed
785,746,Google Pay,2025-10-03,104.98,Pending
786,747,Credit Card,2025-01-18,271.39,Completed
787,747,PayPal,2025-01-19,174.87,Completed
788,748,Apple Pay,2025-11-10,995.25,Refunded
789,749,Apple Pay,2025-05-01,2336.37,Refunded
790,750,Bank Transfer,2025-05-18,3279.46,Completed
791,751,Credit Card,2025-01-16,1937.1,Completed
792,752,Apple Pay,2025-09-12,552.08,Completed
793,753,Bank Transfer,2025-07-20,1764.73,Completed
794,754,Apple Pay,2025-10-19,1740.49,Pending
795,755,Credit Card,2025-05-02,1155.89,Refunded
796,756,Bank Transfer,2025-10-17,2131.87,Completed
797,757,Debit Card,2025-04-09,2882.54,Completed
798,758,PayPal,2025-10-07,1113.39,Completed
799,759,Bank Transfer,2025-11-11,298.12,Refunded
800,760,Credit Card,2025-07-26,2352.23,Pending
801,761,Credit Card,2025-09-08,2107.24,Refunded
802,762,Apple Pay,2025-02-22,2096.6,Failed
803,762,PayPal,2025-02-19,1708.39,Pending
804,763,Debit Card,2025-05-26,1237.97,Completed
805,764,Credit Card,2025-11-23,714.86,Completed
806,765,Credit Card,2025-06-09,204.43,Completed
807,766,Apple Pay,2025-09-04,3306.83,Pending
808,767,Debit Card,2025-05-09,512.31,Failed
809,768,Bank Transfer,2025-05-16,2503.93,Completed
810,769,Apple Pay,2025-03-10,336.67,Completed
811,770,Google Pay,2025-05-11,706.3,Completed
812,771,Credit Card,2025-05-23,1284.72,Completed
813,772,Credit Card,2025-03-11,351.69,Completed
814,773,PayPal,2025-10-06,889.08,Completed
815,774,Apple Pay,2025-07-16,2171.3,Completed
816,775,Google Pay,2025-11-28,25.4,Refunded
817,776,Apple Pay,2025-07-09,237.69,Failed
818,777,Debit Card,2025-06-05,1460.35,Completed
819,777,Credit Card,2025-06-07,628.51,Completed
820,778,PayPal,2025-03-06,3056.23,Completed
821,779,Bank Transfer,2025-03-31,1394.48,Refunded
822,780,Credit Card,2025-02-10,898.69,Failed
823,781,Credit Card,2025-04-08,1020.24,Refunded
824,781,PayPal,2025-04-07,1160.1,Completed
825,782,Google Pay,2024-12-21,423.75,Refunded
826,783,Apple Pay,2025-05-05,681.72,Failed
827,784,Debit Card,2025-11-22,1431.74,Completed
828,785,Credit Card,2025-10-21,1723.28,Refunded
829,786,PayPal,2025-02-12,1438.82,Pending
830,786,Bank Transfer,2025-02-12,2206.44,Completed
831,787,Debit Card,2025-07-16,2036.95,Completed
832,788,Google Pay,2025-06-23,1729.42,Completed
833,789,Apple Pay,2025-09-30,325.82,Completed
834,790,Google Pay,2025-01-31,748.14,Completed
835,791,Apple Pay,2025-12-02,394.72,Completed
836,792,Bank Transfer,2025-10-27,2152.35,Refunded
837,793,Credit Card,2025-04-05,154.08,Completed
838,794,Bank Transfer,2025-06-17,241.53,Completed
839,795,Credit Card,2025-03-27,1348.48,Completed
840,796,Debit Card,2025-03-26,1146.08,Pending
841,797,Google Pay,2025-06-19,978.24,Completed
842,798,Debit Card,2025-05-13,1157.91,Completed
843,799,Debit Card,2024-12-20,1593.66,Completed
844,800,PayPal,2025-07-16,3586.63,Failed
845,801,Credit Card,2025-10-16,186.04,Completed
846,802,Bank Transfer,2025-07-26,717.25,Completed
847,803,PayPal,2025-10-11,88.34,Completed
848,804,Credit Card,2025-01-21,191.2,Failed
849,805,Bank Transfer,2025-11-12,2128.7,Pending
850,806,Bank Transfer,2025-09-07,319.42,Completed
851,807,Debit Card,2025-03-25,2170.4,Completed
852,808,Debit Card,2025-06-17,270.48,Failed
853,809,Debit Card,2025-07-22,493.2,Pending
854,810,Google Pay,2025-11-12,601.08,Completed
855,811,Apple Pay,2024-12-24,1781.6,Pending
856,812,Google Pay,2025-08-22,1226.16,Refunded
857,813,Credit Card,2025-05-29,845.14,Refunded
858,813,PayPal,2025-05-29,788.1,Failed
859,814,PayPal,2025-10-14,3214.25,Pending
860,815,Credit Card,2025-11-24,1921.73,Failed
861,816,PayPal,2025-07-06,476.72,Pending
862,817,Google Pay,2025-09-11,2697.13,Completed
863,818,Bank Transfer,2025-04-07,1394.89,Completed
864,819,Bank Transfer,2025-11-01,1297.36,Completed
865,820,Apple Pay,2025-11-15,138.03,Completed
866,821,Google Pay,2025-01-26,1541.11,Refunded
867,822,Google Pay,2025-08-01,964.12,Refunded
868,823,Google Pay,2024-12-27,262.31,Failed
869,824,Apple Pay,2025-08-22,244.89,Completed
870,825,Credit Card,2024-12-26,699.2,Completed
871,826,Credit Card,2025-02-10,415.74,Completed
872,827,Google Pay,2025-06-09,3989.64,Completed
873,828,Debit Card,2025-07-25,1590.61,Completed
874,829,Google Pay,2025-06-02,1454.81,Completed
875,830,PayPal,2025-01-12,1089.72,Completed
876,831,Bank Transfer,2025-04-19,337.3,Failed
877,832,PayPal,2025-01-21,1777.73,Completed
878,833,Apple Pay,2025-07-29,665.22,Refunded
879,833,PayPal,2025-07-27,456.68,Refunded
880,834,Google Pay,2025-06-14,657.11,Completed
881,834,Bank Transfer,2025-06-13,480.89,Pending
882,835,Bank Transfer,2025-01-03,1145.14,Completed
883,836,Credit Card,2025-01-22,564.14,Failed
884,837,Google Pay,2025-02-09,2623.92,Failed
885,838,Google Pay,2024-12-24,270.16,Pending
886,839,Bank Transfer,2025-04-18,1323.98,Completed
887,840,PayPal,2025-06-16,1078.31,Refunded
888,841,Credit Card,2025-10-21,2327.25,Pending
889,842,Debit Card,2025-03-11,846.36,Refunded
890,843,PayPal,2025-05-16,1088.17,Refunded
891,844,Apple Pay,2025-01-29,1418.89,Refunded
892,845,Debit Card,2025-10-01,2071.77,Pending
893,846,PayPal,2025-01-25,1725.17,Completed
894,847,Google Pay,2025-04-03,541.74,Completed
895,848,Credit Card,2025-08-24,1421.88,Completed
896,849,Credit Card,2025-01-19,528.49,Completed
897,850,Apple Pay,2025-09-30,2822.0,Refunded
898,851,Credit Card,2025-10-12,1736.01,Failed
899,852,Bank Transfer,2025-07-29,402.72,Pending
900,852,Bank Transfer,2025-07-30,209.98,Failed
901,853,Debit Card,2025-10-14,2101.98,Completed
902,854,Debit Card,2025-07-22,830.01,Refunded
903,855,Bank Transfer,2025-08-26,408.37,Refunded
904,856,Debit Card,2024-12-30,1303.04,Completed
905,857,Google Pay,2025-06-06,653.01,Completed
906,858,Credit Card,2025-10-27,2405.55,Completed
907,859,Bank Transfer,2025-02-27,1963.99,Completed
908,860,Debit Card,2025-01-27,2055.48,Refunded
909,861,Credit Card,2025-05-16,776.15,Completed
910,862,Apple Pay,2025-08-01,2544.88,Pending
911,863,PayPal,2024-12-30,658.45,Refunded
912,864,Debit Card,2025-06-07,2033.71,Pending
913,865,Apple Pay,2025-06-25,1839.83,Completed
914,866,PayPal,2025-06-13,1729.55,Completed
915,867,Debit Card,2025-04-11,911.73,Completed
916,868,Google Pay,2025-01-05,278.08,Failed
917,869,Credit Card,2025-01-06,1449.61,Failed
918,870,Google Pay,2025-10-20,1193.12,Failed
919,871,Apple Pay,2025-04-07,2370.66,Completed
920,872,Bank Transfer,2025-07-15,403.83,Failed
921,873,Google Pay,2025-02-07,2343.28,Completed
922,874,Apple Pay,2024-12-18,915.67,Completed
923,875,Debit Card,2025-06-08,1325.79,Pending
924,875,Credit Card,2025-06-11,800.97,Completed
925,876,Google Pay,2025-10-23,853.94,Completed
926,876,Bank Transfer,2025-10-21,696.16,Completed
927,877,Apple Pay,2025-09-12,586.25,Completed
928,878,Credit Card,2025-03-18,2462.5,Completed
929,879,Debit Card,2025-10-15,1843.97,Completed
930,880,Credit Card,2025-02-07,1998.2,Failed
931,881,Apple Pay,2025-01-06,1590.39,Pending
932,882,Google Pay,2024-12-19,2119.08,Completed
933,883,Apple Pay,2025-02-28,612.12,Failed
934,884,Bank Transfer,2025-09-11,666.48,Completed
935,885,PayPal,2025-02-02,225.83,Completed
936,886,PayPal,2025-08-30,436.5,Completed
937,887,PayPal,2025-09-03,2746.12,Completed
938,888,Bank Transfer,2025-07-24,360.06,Completed
939,889,Bank Transfer,2025-09-17,1423.0,Completed
940,890,Apple Pay,2025-08-17,812.21,Completed
941,891,Apple Pay,2024-12-30,953.91,Failed
942,892,Credit Card,2025-05-15,1665.26,Completed
943,893,Google Pay,2025-11-22,1215.63,Completed
944,894,Google Pay,2025-11-20,2720.07,Completed
945,895,Debit Card,2025-06-19,581.96,Completed
946,896,Credit Card,2025-04-16,1850.9,Refunded
947,897,PayPal,2025-10-09,979.67,Failed
948,898,Credit Card,2025-06-24,1220.42,Completed
949,899,Google Pay,2025-08-14,528.26,Completed
950,900,Google Pay,2025-10-08,403.44,Completed
951,900,Debit Card,2025-10-08,420.18,Refunded
952,901,Credit Card,2025-03-31,2775.62,Completed
953,902,Debit Card,2025-03-10,1018.96,Completed
954,903,Bank Transfer,2025-09-11,1136.48,Completed
955,904,Google Pay,2025-10-14,1129.18,Refunded
956,905,Debit Card,2025-01-17,3167.11,Failed
957,906,Debit Card,2025-09-14,1245.89,Failed
958,907,PayPal,2025-10-18,2698.68,Pending
959,908,PayPal,2025-01-30,1790.48,Completed
960,909,PayPal,2025-04-24,1061.45,Failed
961,910,Google Pay,2025-01-21,755.08,Failed
962,911,Google Pay,2025-05-17,1101.86,Completed
963,912,Apple Pay,2024-12-10,2838.82,Completed
964,913,PayPal,2025-04-11,473.4,Refunded
965,913,Bank Transfer,2025-04-11,377.68,Completed
966,914,Debit Card,2025-09-23,1904.89,Failed
967,915,PayPal,2025-04-19,2667.6,Refunded
968,916,Apple Pay,2025-02-16,2086.37,Completed
969,917,Apple Pay,2025-09-20,694.77,Refunded
970,918,Bank Transfer,2025-11-05,2171.94,Completed
971,919,Debit Card,2025-10-10,1344.66,Refunded
972,920,PayPal,2025-05-14,847.35,Refunded
973,921,Debit Card,2025-07-24,1349.81,Completed
974,922,Bank Transfer,2025-02-17,1535.07,Refunded
975,923,Debit Card,2025-10-08,1220.45,Refunded
976,924,PayPal,2025-01-31,2886.29,Refunded
977,925,Apple Pay,2025-12-11,3379.85,Completed
978,926,PayPal,2025-07-03,2618.76,Completed
979,927,Bank Transfer,2025-01-10,458.72,Pending
980,928,Google Pay,2025-09-01,1142.43,Refunded
981,929,PayPal,2025-05-05,1499.59,Completed
982,930,Debit Card,2025-06-10,2979.08,Completed
983,931,Google Pay,2025-09-04,593.12,Completed
984,932,Bank Transfer,2025-11-26,779.44,Completed
985,933,Bank Transfer,2025-02-12,258.78,Completed
986,934,Credit Card,2025-03-14,1462.75,Completed
987,935,Debit Card,2025-04-13,1010.26,Pending
988,936,Credit Card,2025-03-02,1410.7,Failed
989,937,Apple Pay,2025-04-14,63.83,Pending
990,938,Credit Card,2025-05-18,623.9,Refunded
991,938,PayPal,2025-05-17,752.36,Completed
992,939,Google Pay,2025-06-04,950.68,Completed
993,940,Bank Transfer,2025-08-24,1345.74,Completed
994,941,PayPal,2025-10-19,2986.45,Completed
995,942,Google Pay,2025-12-02,672.23,Completed
996,943,Credit Card,2025-05-24,1241.12,Completed
997,944,Google Pay,2025-10-01,1631.25,Pending
998,945,Debit Card,2025-01-04,3602.56,Pending
999,946,Debit Card,2025-06-13,1300.57,Pending
1000,947,Debit Card,2025-11-12,3030.8,Completed
1001,948,Google Pay,2025-01-29,2036.22,Completed
1002,949,Bank Transfer,2025-09-26,454.47,Pending
1003,950,PayPal,2024-12-14,1385.53,Failed
1004,951,Bank Transfer,2025-05-26,966.97,Completed
1005,951,Bank Transfer,2025-05-26,745.13,Pending
1006,952,Credit Card,2025-05-28,1879.38,Pending
1007,953,Debit Card,2025-11-17,1086.13,Completed
1008,954,Credit Card,2025-02-10,1647.07,Failed
1009,955,Debit Card,2025-09-10,408.78,Completed
1010,956,Google Pay,2024-12-11,661.71,Completed
1011,957,Credit Card,2025-04-19,3061.84,Completed
1012,958,PayPal,2025-04-22,1466.3,Completed
1013,959,PayPal,2025-04-02,2708.58,Completed
1014,960,Debit Card,2025-05-12,3610.38,Completed
1015,961,Credit Card,2025-03-29,1136.41,Completed
1016,962,Bank Transfer,2025-02-12,417.73,Completed
1017,963,Google Pay,2025-11-10,704.32,Refunded
1018,964,PayPal,2025-10-31,46.55,Pending
1019,965,Apple Pay,2025-08-02,816.32,Completed
1020,965,Debit Card,2025-08-02,1134.69,Completed
1021,966,Bank Transfer,2025-04-15,1790.49,Pending
1022,967,Credit Card,2025-07-14,1481.61,Completed
1023,968,Bank Transfer,2025-10-06,2395.29,Completed
1024,969,Apple Pay,2025-01-03,813.58,Refunded
1025,970,PayPal,2025-04-29,914.22,Completed
1026,971,Apple Pay,2025-01-15,936.02,Pending
1027,972,Apple Pay,2025-07-20,2276.44,Refunded
1028,973,Debit Card,2025-01-11,2682.38,Completed
1029,974,Credit Card,2025-09-04,2090.92,Completed
1030,975,Google Pay,2025-10-08,898.1,Failed
1031,976,Debit Card,2025-02-13,3277.95,Completed
1032,977,Bank Transfer,2025-01-20,293.2,Pending
1033,978,Credit Card,2025-10-03,185.37,Pending
1034,979,PayPal,2025-08-08,1361.62,Completed
1035,980,Bank Transfer,2025-03-25,2277.85,Refunded
1036,981,Google Pay,2025-11-07,2550.09,Pending
1037,982,Debit Card,2025-02-22,2938.71,Completed
1038,983,Bank Transfer,2025-02-03,2564.81,Completed
1039,984,Google Pay,2024-12-27,883.21,Completed
1040,985,Debit Card,2025-07-14,718.65,Pending
1041,986,Credit Card,2025-12-01,1772.24,Completed
1042,987,PayPal,2025-05-21,2593.67,Failed
1043,988,Bank Transfer,2025-02-24,798.48,Pending
1044,989,Credit Card,2025-09-24,2895.15,Pending
1045,990,Apple Pay,2025-06-13,2492.91,Pending
1046,991,Credit Card,2025-09-14,904.82,Refunded
1047,992,Credit Card,2025-11-17,2010.97,Pending
1048,993,Google Pay,2025-05-05,105.84,Completed
1049,994,Google Pay,2025-03-10,1221.88,Failed
1050,995,Bank Transfer,2025-09-04,1046.72,Completed
1051,996,Credit Card,2025-10-31,1063.9,Pending
1052,997,Google Pay,2025-11-09,2601.08,Refunded
1053,998,Bank Transfer,2025-12-07,1162.64,Completed
1054,999,Bank Transfer,2025-10-30,2234.22,Completed
1055,1000,Bank Transfer,2025-02-28,1415.38,Failed
